<?xml version="1.0" encoding="UTF-8"?>
<metadata xml:lang="en"><Esri><CreaDate>20231123</CreaDate><CreaTime>14105800</CreaTime><ArcGISFormat>1.0</ArcGISFormat><ArcGISstyle>FGDC CSDGM Metadata</ArcGISstyle><SyncOnce>TRUE</SyncOnce><DataProperties><lineage><Process ToolSource="c:\program files (x86)\arcgis\desktop10.3\ArcToolbox\Toolboxes\Data Management Tools.tbx\CalculateField" Date="20181203" Time="145815">CalculateField "batas kec jogja-jateng" KECAMATAN "Kecamatan Kota Gede" VB #</Process><Process ToolSource="c:\program files (x86)\arcgis\desktop10.3\ArcToolbox\Toolboxes\Data Management Tools.tbx\CalculateField" Date="20181203" Time="145931">CalculateField "batas kec jogja-jateng" KECAMATAN "Kecamatan Mergangsan" VB #</Process><Process ToolSource="c:\program files (x86)\arcgis\desktop10.3\ArcToolbox\Toolboxes\Data Management Tools.tbx\CalculateField" Date="20181203" Time="150030">CalculateField "batas kec jogja-jateng" KECAMATAN "Kecamatan Banguntapan" VB #</Process><Process ToolSource="c:\program files (x86)\arcgis\desktop10.3\ArcToolbox\Toolboxes\Data Management Tools.tbx\CalculateField" Date="20181203" Time="155302">CalculateField "batas kec jogja-jateng" KECAMATAN "Banguntapan" VB #</Process><Process ToolSource="c:\program files (x86)\arcgis\desktop10.3\ArcToolbox\Toolboxes\Data Management Tools.tbx\CalculateField" Date="20181203" Time="155353">CalculateField "batas kec jogja-jateng" KECAMATAN "Kota Gede" VB #</Process><Process ToolSource="c:\program files (x86)\arcgis\desktop10.3\ArcToolbox\Toolboxes\Data Management Tools.tbx\CalculateField" Date="20181203" Time="155424">CalculateField "batas kec jogja-jateng" KECAMATAN "Mergangsan" VB #</Process></lineage></DataProperties></Esri></metadata>
